<beans xmlns="http://www.springframework.org/schema/beans"
    xmlns:xsi="http://www.w3.org/2001/XMLSchema-instance" xmlns:tx="http://www.springframework.org/schema/tx"
    xmlns:mvc="http://www.springframework.org/schema/mvc" xmlns:context="http://www.springframework.org/schema/context"
 	xmlns:webflow-config="http://www.springframework.org/schema/webflow-config"
    xmlns:security="http://www.springframework.org/schema/security"
    xsi:schemaLocation="http://www.springframework.org/schema/beans http://www.springframework.org/schema/beans/spring-beans.xsd
       http://www.springframework.org/schema/tx http://www.springframework.org/schema/tx/spring-tx.xsd
       http://www.springframework.org/schema/mvc http://www.springframework.org/schema/mvc/spring-mvc.xsd
       http://www.springframework.org/schema/context http://www.springframework.org/schema/context/spring-context.xsd
       http://www.springframework.org/schema/security http://www.springframework.org/schema/security/spring-security.xsd
          http://www.springframework.org/schema/webflow-config http://www.springframework.org/schema/webflow-config/spring-webflow-config.xsd">
 
    <!-- Specifying base package of the Components like Controller, Service,
        DAO -->
    <context:component-scan base-package="com.eShoppingCart" />
 
     <mvc:annotation-driven>
     	<mvc:argument-resolvers>
     		<bean class="org.springframework.security.web.bind.support.AuthenticationPrincipalArgumentResolver" />
     	</mvc:argument-resolvers>
     </mvc:annotation-driven>
 
    <!-- Specifying the Resource location to load JS, CSS, Images etc -->
    <mvc:resources mapping="/resources/**" location="/WEB-INF/resources/" />
 
    <!-- View Resolver -->
    <bean
        class="org.springframework.web.servlet.view.InternalResourceViewResolver">
        <property name="prefix" value="/WEB-INF/views/" />
        <property name="suffix" value=".jsp" />
    </bean>
 
    <!-- DataSource -->
    <bean class="org.springframework.jdbc.datasource.DriverManagerDataSource"
        id="dataSource">
        <property name="driverClassName" value="com.mysql.jdbc.Driver"></property>
        <property name="url" value="jdbc:mysql://localhost:3306/shoppingcart"></property>
        <property name="username" value="root"></property>
        <property name="password" value="admin"></property>
    </bean>
 
    <!-- Hibernate SessionFactory -->
    <bean id="sessionFactory"
        class="org.springframework.orm.hibernate4.LocalSessionFactoryBean">
        <property name="dataSource" ref="dataSource"></property>
        <property name="hibernateProperties">
            <props>
                <prop key="hibernate.dialect">org.hibernate.dialect.MySQLDialect</prop>
                <prop key="hibernate.hbm2ddl.auto">update</prop>
                <prop key="hibernate.format_sql">true</prop>
                <prop key="hibernate.show_sql">true</prop>
            </props>
        </property>
        <property name="packagesToScan" value="com.eShoppingCart.model"></property>
    </bean>
 
    <!-- Transaction -->
    <bean id="transactionManager"
        class="org.springframework.orm.hibernate4.HibernateTransactionManager">
        <property name="sessionFactory" ref="sessionFactory" />
    </bean>
    
    <bean id="multipartResolver" class="org.springframework.web.multipart.commons.CommonsMultipartResolver">
        <property name="maxUploadSize" value="1024000" />
    </bean>
 
    <tx:annotation-driven transaction-manager="transactionManager" />
    <security:http auto-config="true">
        <security:intercept-url pattern="/admin/**" access="ROLE_ADMIN" />
        <security:intercept-url pattern="/customer/**" access="ROLE_USER" />
        <security:form-login
            login-page="/login"
            default-target-url="/product/productList/all"
            authentication-failure-url="/login?error"
            username-parameter="username"
            password-parameter="password" />
        <security:logout
            logout-success-url="/login?logout" />
    </security:http>

    <security:authentication-manager>
        <security:authentication-provider>
            <security:jdbc-user-service data-source-ref="dataSource"
                                        authorities-by-username-query="SELECT username, authority From authorities WHERE username = ?"
                                        users-by-username-query="SELECT username, password, enabled FROM users WHERE username = ?" />
        </security:authentication-provider>
    </security:authentication-manager>
    
    <webflow-config:flow-executor id="flowExecutor" flow-registry="flowRegistry" />

    <webflow-config:flow-registry id="flowRegistry" base-path="/WEB-INF/flows">
        <webflow-config:flow-location path="/checkout/checkout-flow.xml" id="checkout" />
    </webflow-config:flow-registry>

    <bean id="flowHandlerMapping" class="org.springframework.webflow.mvc.servlet.FlowHandlerMapping">
        <property name="flowRegistry" ref="flowRegistry" />
    </bean>

    <bean id="flowHandlerAdapter" class="org.springframework.webflow.mvc.servlet.FlowHandlerAdapter">
        <property name="flowExecutor" ref="flowExecutor" />
    </bean>

</beans>